Respondent ID,Start Date,Rate your experience,Is there anything you would like to tell us about your experience?
114983022053,2025-11-14T09:36:31+00:00,Excellent,
114983213903,2025-11-14T14:45:22+00:00,3,
114983255103,2025-11-14T15:39:59+00:00,4,
114983351581,2025-11-14T17:31:58+00:00,4,"As retired lady of a certain age, I did find some of the questions a bit technical! "
114984531621,2025-11-16T22:17:04+00:00,4,
114984819497,2025-11-17T11:04:36+00:00,Excellent,
114984827092,2025-11-17T11:16:38+00:00,Poor,Difficult to use
114984836898,2025-11-17T11:33:35+00:00,2,
114985777960,2025-11-18T09:37:54+00:00,Excellent,
114986702874,2025-11-19T09:01:37+00:00,Excellent,
114986747698,2025-11-19T10:22:52+00:00,Excellent,
114987663533,2025-11-20T10:15:08+00:00,2,I would suggest providing information supporting the fee proposed so this is fully understood.
114987666929,2025-11-20T10:22:26+00:00,4,
114987786721,2025-11-20T13:59:43+00:00,Excellent,
114988129402,2025-11-20T20:04:23+00:00,Excellent,"Very clear and easy to navigate around, love it"
114988636956,2025-11-21T13:32:15+00:00,Excellent,
114988646039,2025-11-21T13:42:07+00:00,Poor,"Hello
As agent I am receiving the request for payment as from myself and not to the nominee – there is no cc
This portals automated email for nominated payee is unhelpful possibly incorrect and confusing for all. 
SORT IT OUT.
"
114988732722,2025-11-21T15:37:37+00:00,4,
114988740007,2025-11-21T15:43:20+00:00,2,"I have had a problem with the fee quote. You quoted me for a Notice rather than Full Plan but when I tried to explain this you told me to change the application form...however it was not the form that was wrong, rather the fee! Then you told me to contact Building Control but didn't provide any contact information which wasn't particularly helpful...."
114990675577,2025-11-24T21:33:28+00:00,Excellent,
114991053352,2025-11-25T10:54:53+00:00,4,
114991345774,2025-11-25T17:15:28+00:00,Excellent,
114991856246,2025-11-26T09:46:09+00:00,Excellent,
114991887727,2025-11-26T10:49:35+00:00,Poor,Very challenging questions/confusing had to make a visit to fill in a basic form
114992160688,2025-11-26T17:30:15+00:00,Excellent,Really easy and simple to use
114992586147,2025-11-27T10:05:03+00:00,Excellent,
114992632671,2025-11-27T09:09:11+00:00,Excellent,
114992724376,2025-11-27T14:13:01+00:00,3,
114992782400,2025-11-27T15:39:32+00:00,Excellent,Very smooth service so far.
114993371604,2025-11-28T12:56:10+00:00,Excellent,What a brilliant website!! It was a pleasure using it :)
114993512971,2025-11-28T16:56:17+00:00,Poor,
114994001538,2025-11-29T17:55:12+00:00,Excellent,
114995033683,2025-12-01T17:06:21+00:00,3,"Not user friendly. The application for a simple building notice goes through a number of questions that are not applicable, and a number of questions asked are not on the printable version, and vice-versa,  so there is no consistency between online and printable versions of the same thing."
114995667751,2025-12-02T09:43:29+00:00,Excellent,website is very easy to use and and personnel incredibly helpful in what can be a quite daunting experience
114995680884,2025-12-02T10:10:29+00:00,Excellent,improve the location plan service - its very hard to outline difficult sites
114995898133,2025-12-02T15:07:13+00:00,Excellent,
114996605277,2025-12-03T08:56:42+00:00,Excellent,
114996725766,2025-12-03T12:46:26+00:00,4,"A nice easy to use portal. However, I feel you should have flagged the service charge before the process is started (or if it is flagged, make this clearer). I may have chosen to submit application manually to avoid this charge. Thanks"
114997616351,2025-12-04T11:40:29+00:00,Excellent,
114998017086,2025-12-04T20:07:42+00:00,3,"Platform fee should be stated upfront, not when I've spent lots of time filling in the form already. Some of the questions are poorly written and confusing."
114998421778,2025-12-05T10:24:54+00:00,3,You don't say if there's an inspection fee on top-- or if its included in application fee
114998460442,2025-12-05T11:21:18+00:00,3,How is the client expected to review and sign the forms when using an agent?
115000153772,2025-12-08T08:56:42+00:00,4,
115000225837,2025-12-08T11:13:08+00:00,4,"On loading up the documents not all the descriptions are provided, some of which are obvious."
115000491589,2025-12-08T17:06:57+00:00,3,
115001056117,2025-12-09T09:42:10+00:00,Excellent,Really great planning application control portal and process. Clear instructions at every step.
115002040963,2025-12-10T11:04:33+00:00,4,
115002150192,2025-12-10T13:58:13+00:00,Poor,Crap
115002327369,2025-12-10T17:10:18+00:00,Excellent,
115002855165,2025-12-11T09:20:13+00:00,4,
115002903984,2025-12-11T11:11:50+00:00,Excellent,
115004279038,2025-12-13T08:50:04+00:00,4,
115004390193,2025-12-13T14:56:23+00:00,3,It was mostly alright experience. It was just annoying that the portal kept signing me out whenever I needed to switch applications on my phone to retrieve information for a few minutes.
115004503357,2025-12-13T20:21:28+00:00,4,
115005967073,2025-12-16T11:04:23+00:00,2,increased cost using planning portal for no additional benefit for a service that cost £228 a couple months ago is now costing £309 for the same service is a ridiculous increase passed on to the end user being cornwall council tax payers. id like to know the reasonable explanation for this?
115006633849,2025-12-17T06:28:09+00:00,Excellent,
115006739470,2025-12-17T10:32:27+00:00,4,
115007102835,2025-12-17T20:06:38+00:00,Excellent,
115008372017,2025-12-19T09:31:36+00:00,Excellent,
115008927068,2025-12-20T07:09:34+00:00,Poor,
115008971074,2025-12-20T10:33:23+00:00,Poor,A really disappointing experience dealing with building control charges without inadequate justification on the portal. Why is it a full application just because we live in a private road - this does not change the size of the build which has already been approved - disgusted with the charges.
115009756379,2025-12-22T14:11:48+00:00,Excellent,
115012032930,2025-12-28T16:07:26+00:00,Excellent,
115013194828,2025-12-31T08:18:23+00:00,Excellent,
115014962234,2026-01-05T08:57:21+00:00,Poor,So expensive for what appears to be very little value 
115015009086,2026-01-05T10:59:36+00:00,2,"Roof replacement must be one of the most commen type of building work, so i found it mystifying that it was hardly mentioned throughout the process - making me wonder if I was in the right area or not."
115015094953,2026-01-05T14:10:17+00:00,3,
115015320967,2026-01-05T20:04:35+00:00,4,
115015837675,2026-01-06T17:10:13+00:00,Excellent,
115015979873,2026-01-06T20:37:42+00:00,Excellent,The portal is easy to use and good that it saves your information to be able to amend prior to sending.
115016507775,2026-01-07T15:49:22+00:00,4,"It would have been helpful to have an indication of the Inspection Fees payable, as well as the Application Fee."
115016970085,2026-01-08T10:01:27+00:00,Poor,complicated form format
115016989211,2026-01-08T10:56:01+00:00,Excellent,
115017202320,2026-01-08T17:13:41+00:00,Excellent,
115017722113,2026-01-09T12:57:52+00:00,Excellent,All good thank you
115017792428,2026-01-09T14:50:10+00:00,Excellent,
115017812534,2026-01-09T15:19:29+00:00,Poor,
115018012543,2026-01-09T20:28:53+00:00,Excellent,Easy to navigate - excellent facility to upload supporting documents 
115018279644,2026-01-10T10:00:58+00:00,Excellent,
115018342332,2026-01-10T13:27:56+00:00,4,It wasn't clear where to upload the signed client consent form to.  After searching through the application pages I ended up adding it to the upload document section as a user defined document. This could be made a lot more intuitive by having an upload option on the page where client details are inputted.
115018811785,2026-01-11T19:43:03+00:00,Excellent,
115019234670,2026-01-12T16:44:10+00:00,2,Probably quite easy once you have used it a few times but a bit off a struggle navigating it at first would be nice to be able to get a bit off guidance from a human 
115019261107,2026-01-12T17:23:41+00:00,Excellent,Very good but shame about the fee.
115019264776,2026-01-12T17:29:54+00:00,Excellent,
115019721437,2026-01-13T11:39:56+00:00,4,Would lake a more clear description of what information is required. 
115019734590,2026-01-13T11:35:29+00:00,Poor,
115019922389,2026-01-13T16:45:58+00:00,Excellent,
115019987603,2026-01-13T18:00:54+00:00,3,"Unable to delete stored password details, forcing a change of password as the only way to log in, this is frustrating, should be able to delete stored passwords and insert changed ones,"
115020137471,2026-01-13T21:13:13+00:00,Excellent,
115020483487,2026-01-14T10:01:34+00:00,Excellent,Person on the phone was very helpful and the online application was easy to use although many irrelevant questions my submission did not require but would not allow me to proceed unless something was entered
115020714867,2026-01-14T16:25:46+00:00,2,"The nominated payee never transfers from the information.
Trying to obtain fees from local authority took 3 days."
115021238813,2026-01-15T09:40:33+00:00,4,
115021418333,2026-01-15T15:18:21+00:00,3,"It would be a lot easier if there was a simple question near the beginning as to what type of work was to be done - replacing a window in a ground level property does not require 20 questions about building an extension.
There is also no clear option for providing a specification drawing of the replacement window."
115022026711,2026-01-16T10:25:44+00:00,Excellent,
115022057419,2026-01-16T11:41:34+00:00,Excellent,
115022060910,2026-01-16T11:50:04+00:00,Excellent,
115022736347,2026-01-17T11:53:10+00:00,Excellent,Very Easy To Use. 
115022837645,2026-01-17T16:33:27+00:00,Excellent,
115023120170,2026-01-18T11:16:05+00:00,Excellent,
115023521086,2026-01-19T09:46:29+00:00,4,
115023537452,2026-01-19T10:25:47+00:00,Excellent,Very easy and quick to complete the application. 
115023563055,2026-01-19T11:25:35+00:00,Excellent,
115023744534,2026-01-19T16:36:26+00:00,3,Someone who can answer more specific questions.  The service team are great but limited due to being a technical function
115023856563,2026-01-19T19:40:32+00:00,Excellent,
115024174653,2026-01-20T09:02:02+00:00,Excellent,
115024234385,2026-01-20T11:03:04+00:00,4,Good service. 
115025013815,2026-01-21T09:58:08+00:00,Excellent,"The process was quite easy, and self explanatory."
115025097609,2026-01-21T12:59:16+00:00,3,"The 'link to planning application' function did not work. When pressed, the continue button, did not move the application forward."
115025278564,2026-01-21T17:00:49+00:00,2,It was simple dealing direct with LABC before
115025796056,2026-01-22T09:13:02+00:00,3,Couldn't upload documents on the portal. Unsure of what information was required but the responses and processing was very quick. 
115025945749,2026-01-22T14:10:28+00:00,Excellent,EVERYTHING SMOOTH
115026040657,2026-01-22T16:13:02+00:00,Excellent,"Very easy to use, and I like the fact that all of my applications are stored in one place."
115026289515,2026-01-22T21:57:06+00:00,Excellent,Quick easy painless site with quick hassle free loading and application 
115026697263,2026-01-23T07:46:00+00:00,Poor,"Extremely slow, my bank doesnt recognize this private company from a corrupt city. transparency in how fees are calculated."
115027562635,2026-01-24T09:54:11+00:00,Excellent,Made payment for building control easily. 
115027976153,2026-01-25T11:45:53+00:00,Poor,"appauling!! Took me forever and its not user friendly, questions are not clear!!"
115028304575,2026-01-26T07:30:06+00:00,Excellent,
115028413195,2026-01-26T12:06:38+00:00,2,A page wouldn't save 10 times I spoke to support and i completed a new application 
115028511459,2026-01-26T15:01:21+00:00,Excellent,Excellent portal
115029004712,2026-01-27T07:35:27+00:00,3,
115029079702,2026-01-27T10:50:49+00:00,Excellent,"First I read and try to understand what is on the County Council website and try best to follow its instruction, it was extremely difficult .... until the website suggested the reader to use this Planning Portal, which turned out to be much easier by leading me step by step to what I wanted to apply. Thank You!"
115029097335,2026-01-27T11:37:29+00:00,4,"Yes please, I struggled while uploading the documents, as it was not very clear the way to upload, towards acknowledgment of  uploads, what is been uploaded, seemed a bit vague for me, until you discover at the end that for every file you try to upload, you need to drag, upload, designated type, then repeat and repeat again, I think a small explanation window would be helpful "
115029319682,2026-01-27T17:14:09+00:00,Excellent,"currently finding your system far easier and also cheaper than our local third party contractor. my communication with the local building regs team has been really easy and inciteful.  
many thanks"
115029356645,2026-01-27T18:05:59+00:00,Excellent,
115029773547,2026-01-28T09:29:23+00:00,3,it would be helpful to be given idea of timescales when urgent
115030454013,2026-01-29T09:01:33+00:00,4,Straightforward and easy to work thought he application process.
115030477353,2026-01-29T10:02:53+00:00,Excellent,
115030499116,2026-01-29T10:53:53+00:00,4,
115030536784,2026-01-29T12:21:16+00:00,4,generally ok
115030557361,2026-01-29T13:04:32+00:00,3,This is very confusing process and not sure whether I am doing the correct thing - just to get some new double glazing fitted !!
115030622841,2026-01-29T14:51:26+00:00,Excellent,"A very good, efficent service. Well done. Highly recommended."
115030639303,2026-01-29T15:20:27+00:00,Excellent,Everything progressed smoothly.  Quite happy with process.
115030743408,2026-01-29T17:46:11+00:00,4,It would be helpful to have nuggets explaining what the questions relate to for those of us that are private users
115030861688,2026-01-29T20:24:21+00:00,Excellent,
115031209731,2026-01-30T09:32:18+00:00,Excellent,
115031266619,2026-01-30T11:45:23+00:00,4,
115031417125,2026-01-30T15:46:14+00:00,4,
115031578411,2026-01-30T19:11:24+00:00,Excellent,
115032400027,2026-02-01T17:06:32+00:00,3,"Overall a fairly smooth process without too many steps, given what we need to do. However, there were quite a few questions where we needed to know what what meant and I just couldn't understand."
115032825910,2026-02-02T13:07:52+00:00,Excellent,TEST
115032844511,2026-02-02T13:37:06+00:00,2,Great process but form stalls at request fee page and you can not progress any further 
115032849242,2026-02-02T13:45:34+00:00,Excellent,
115032988163,2026-02-02T16:41:03+00:00,Excellent,
115033502778,2026-02-03T10:25:34+00:00,Excellent,
115033539824,2026-02-03T11:47:30+00:00,Excellent,
115033735168,2026-02-03T16:43:58+00:00,4,
115033770161,2026-02-03T17:29:31+00:00,Poor,I went to submit this submission and it kept going back to the beginning 5 times before it going through finally 
115034427399,2026-02-04T15:41:33+00:00,Excellent,
115035028607,2026-02-05T11:02:46+00:00,Excellent,
115035065793,2026-02-05T12:30:53+00:00,Excellent,
115035099201,2026-02-05T13:37:56+00:00,4,Test smoke 05/02/26
115035100511,2026-02-05T13:40:08+00:00,4,Test smoke 05/02/26
115035130997,2026-02-05T14:28:01+00:00,Excellent,
115035258061,2026-02-05T17:10:21+00:00,4,
115035363433,2026-02-05T19:16:15+00:00,4,test
115035367066,2026-02-05T19:20:41+00:00,4,TEST
115036509992,2026-02-07T10:31:02+00:00,4,It's a shame the process on Cornwall Council website is not as easy as this one.  Also I couldn't link my approved planning application 
115036558687,2026-02-07T13:30:22+00:00,Excellent,I have enjoyed everything about doing this. It's all to do with building and renovation which is what I get into doing.
115036831239,2026-02-08T07:31:27+00:00,Excellent,Easy to use the link
115037297206,2026-02-09T11:14:24+00:00,3,unable to submit drawings through the portal
115037532167,2026-02-09T17:11:04+00:00,2,Need more email notifications when updates to applications have been made
115037679194,2026-02-09T20:21:40+00:00,Excellent,
115038009779,2026-02-10T08:59:28+00:00,Excellent,A simple and effective service 
115038147521,2026-02-10T13:37:16+00:00,Excellent,Extremely easy service with great guidance on how to answer the questions
115038147795,2026-02-10T13:37:55+00:00,3,
115038164940,2026-02-10T13:57:21+00:00,Excellent,
115038192116,2026-02-10T14:38:54+00:00,Poor,It takes far too long to submit a simple application
115038219836,2026-02-10T15:08:49+00:00,Poor,
115038244755,2026-02-10T15:42:30+00:00,Excellent,Simple and easy
115038245744,2026-02-10T15:35:54+00:00,2,"Your preloaded document menu pick lists are unfit for purpose.  almost none of the categories are relevant.  Front rear elevations for example are nonsense, almost no one will issue elevation drawings one elevation per drawing.  and Cornwall Council for example refuse to register a planning application with elevations that are labelled front rear etc. they must be compass oriented.  As your pick lists do not follow any industry standard practice they would be better to be deleted and speed up data entry"
115038255473,2026-02-10T15:55:56+00:00,Excellent,
115038843713,2026-02-11T09:52:05+00:00,Excellent,
115038887147,2026-02-11T12:39:02+00:00,3,
115039003575,2026-02-11T15:37:41+00:00,Poor,Difficulty in uploading documents
115039006829,2026-02-11T15:41:57+00:00,Excellent,:)
115040316250,2026-02-13T09:11:16+00:00,3,Problem with entry of details in 'Proposed Work' section such that it had to be entered multiple times. Slow getting fee authorisation
115040508527,2026-02-13T15:05:48+00:00,4,
115040529348,2026-02-13T15:31:23+00:00,Excellent,
115040535769,2026-02-13T15:40:04+00:00,Excellent,
115040560349,2026-02-13T16:12:55+00:00,Excellent,
115040580171,2026-02-13T16:39:38+00:00,Excellent,
115040992530,2026-02-14T11:07:25+00:00,Excellent,
115041301646,2026-02-15T09:16:36+00:00,Excellent,
115041684307,2026-02-16T09:43:17+00:00,Poor,"concerns as to payment 
why do you not allow debit card payments - poor customer service in 2026"
115041804890,2026-02-16T14:36:37+00:00,Excellent,Very straight forward and good navigation 
115041957788,2026-02-16T18:54:52+00:00,Excellent,
115042006090,2026-02-16T20:18:21+00:00,Excellent,
115042299671,2026-02-17T10:45:22+00:00,4,It would have been helpful if it was possible to directly into the bank (like HMRC) to enable a transfer within this webpage. I had to do it  separately on a new tab and therefore I'm not clear if the payment has been recognised.
115042303504,2026-02-17T11:01:57+00:00,2,Not an easy site to use.
115042336188,2026-02-17T12:15:28+00:00,3,It's been good.
115042391188,2026-02-17T14:09:50+00:00,3,
115042401774,2026-02-17T14:26:24+00:00,Excellent,
115042406907,2026-02-17T14:27:17+00:00,Excellent,
115042482224,2026-02-17T16:19:20+00:00,Poor,
115042598219,2026-02-17T18:53:28+00:00,Excellent,
115042660382,2026-02-17T19:58:45+00:00,Excellent,Quick and easy 
115043047057,2026-02-18T11:20:51+00:00,Excellent,Swift & user friendly.
115043105563,2026-02-18T13:22:00+00:00,Excellent,
115043566088,2026-02-18T23:34:27+00:00,Excellent,V
115043788713,2026-02-19T10:21:09+00:00,3,The question relating to the uses of each storey was a bit confusing
115043797725,2026-02-19T10:44:23+00:00,Poor,Need to explain questions better and where the fee comes from. What have I actually paid for. 
115043868039,2026-02-19T13:23:56+00:00,Excellent,TEST
115043944321,2026-02-19T15:19:48+00:00,Excellent,Adding Apple Pay would be beneficial for speeder payments. 
115044121259,2026-02-19T18:48:11+00:00,Excellent,test
115044129883,2026-02-19T18:58:02+00:00,Excellent,test
115044169432,2026-02-19T19:44:25+00:00,Excellent,test
115044546859,2026-02-20T08:40:25+00:00,Excellent,
115044601669,2026-02-20T11:04:17+00:00,4,
115044608449,2026-02-20T11:21:30+00:00,Excellent,
115044609189,2026-02-20T11:21:55+00:00,Excellent,"Easy to use, good navigation."
115044634992,2026-02-20T12:20:17+00:00,Poor,Pathways not clear. Drop down menus not detailed enough.
115044672316,2026-02-20T13:29:30+00:00,3,Not the easiest form to fill in if you dont know what certain questions mean.
115044702772,2026-02-20T14:15:26+00:00,Excellent,
115045270252,2026-02-21T12:13:42+00:00,3,"I'm confused. I didn't enter any information to make the payment!?! I expected to enter card details etc. However, I'm told the payment has been made and the application has been submitted."
115045335247,2026-02-21T14:45:29+00:00,Excellent,Everything's brilliant about the house and I enjoyed making inside of it.
115045799543,2026-02-22T15:06:30+00:00,Poor,Payment wouldn’t clear stating payment details look fraudulent. Unable to make payment. 
115046130993,2026-02-23T09:11:50+00:00,4,
115046147840,2026-02-23T10:00:54+00:00,Excellent,
115046181495,2026-02-23T11:25:27+00:00,Excellent,Easier than I would have thought.
115046280565,2026-02-23T14:40:37+00:00,Excellent,
115046388941,2026-02-23T17:03:18+00:00,2,Why are you charging service fee when we do all of the work? 
115046444776,2026-02-23T18:14:58+00:00,3,
115046487933,2026-02-23T19:12:12+00:00,Excellent,Really good platform to work off.
115046529606,2026-02-23T20:04:11+00:00,2,Repeating inputting information and information needed not brought over from the planning application...
115046571091,2026-02-23T20:50:44+00:00,4,
115046626796,2026-02-23T22:04:12+00:00,Excellent,
115046959589,2026-02-24T11:00:56+00:00,Excellent,
115046997933,2026-02-24T12:20:13+00:00,Excellent,
115047027126,2026-02-24T13:12:58+00:00,4,
115047063844,2026-02-24T14:04:05+00:00,Excellent,
115047226964,2026-02-24T17:30:59+00:00,Excellent,
115047303247,2026-02-24T19:05:53+00:00,Excellent,
115047427483,2026-02-24T21:49:28+00:00,Excellent,
115047674413,2026-02-25T07:32:43+00:00,4,"The only additional bit that would be helpful. Is in the contact section, to have a site contact number and name, where we could put our builders details for the inspector to contact."
115047715167,2026-02-25T09:23:27+00:00,Excellent,Smooth process
115048551275,2026-02-26T10:02:03+00:00,Excellent,
115048566070,2026-02-26T10:39:19+00:00,Excellent,
115048702404,2026-02-26T14:49:06+00:00,Excellent,
115048720604,2026-02-26T15:12:17+00:00,Excellent,
115048814124,2026-02-26T17:07:45+00:00,3,Fees and how to book visits not clear.
115048977851,2026-02-26T20:25:57+00:00,4,
115049369052,2026-02-27T09:55:03+00:00,4,It was straight forward. 
115049508618,2026-02-27T13:52:27+00:00,Excellent,"Quite straight forward, very user friendly. "
115049632259,2026-02-27T16:30:22+00:00,Excellent,
115050608459,2026-03-01T16:20:50+00:00,Excellent,"really easy to use, thanks "
115050710828,2026-03-01T22:16:30+00:00,Excellent,
115050857083,2026-03-02T07:53:18+00:00,Excellent,
115050949139,2026-03-02T11:36:04+00:00,Excellent,
115050949833,2026-03-02T11:36:04+00:00,Excellent,
115050970134,2026-03-02T12:16:38+00:00,Excellent,
115051788965,2026-03-03T11:14:18+00:00,Excellent,
115052074890,2026-03-03T18:01:17+00:00,Excellent,
115052537258,2026-03-04T09:10:53+00:00,4,
115052601498,2026-03-04T11:38:48+00:00,Excellent,
115052880194,2026-03-04T18:23:10+00:00,4,
115053360714,2026-03-05T11:12:10+00:00,Excellent,
115053365877,2026-03-05T11:24:42+00:00,Excellent,
115053442175,2026-03-05T13:49:00+00:00,Excellent,
115053738555,2026-03-05T20:14:02+00:00,3,Ineeded to correct the details and thesystem was not user friendly for that.
115054085176,2026-03-06T10:09:32+00:00,4,Straight forward process.
115054205021,2026-03-06T13:53:18+00:00,Excellent,
115054361669,2026-03-06T17:27:52+00:00,4,
115055059790,2026-03-08T09:54:17+00:00,3,It's been fine on the whole. A few more explanatory notes would be helpful for example at the outset - a flow chart setting out the process including that the application isn't submitted pending payment information being received etc. 
115055400471,2026-03-09T07:59:56+00:00,Excellent,None.
115055415162,2026-03-09T08:42:28+00:00,4,
115055415754,2026-03-09T08:44:07+00:00,4,
115055462182,2026-03-09T10:39:43+00:00,3,It would be easier if you had someone to call for advise if required
115055563551,2026-03-09T13:46:20+00:00,3,bit fiddly for the unfamiliar but ok when i got used to the format
115055629140,2026-03-09T14:27:37+00:00,Excellent,
115055670042,2026-03-09T15:56:28+00:00,Excellent,
115055691020,2026-03-09T16:20:10+00:00,4,
115055740351,2026-03-09T17:15:34+00:00,Excellent,
115055799599,2026-03-09T18:28:30+00:00,Excellent,
115055933156,2026-03-09T21:15:01+00:00,Excellent,"Prompt responses to queries from council, application so far self explanatory"
115055958404,2026-03-09T21:53:00+00:00,Excellent,N
115055969883,2026-03-09T22:12:09+00:00,Excellent,
115056150064,2026-03-10T06:23:52+00:00,Excellent,
115056175623,2026-03-10T07:53:00+00:00,Excellent,
115056200550,2026-03-10T09:00:51+00:00,Excellent,
115056228809,2026-03-10T10:03:56+00:00,Excellent,
115056246699,2026-03-10T10:44:30+00:00,3,Language was complicated for someone who doesn't know building jargon. Needs to be simpler and more self explanatory. I am an intelligent person so I know a lot of people would struggle to understand the questions. Maybe add something that can aid in understanding. Diagrams or a document to support language and pictures for clear understanding. 
115056423952,2026-03-10T15:09:12+00:00,Excellent,
115056576251,2026-03-10T17:36:05+00:00,4,
115056581831,2026-03-10T17:41:12+00:00,4,
115057056861,2026-03-11T09:23:55+00:00,4,
115057057525,2026-03-11T09:25:41+00:00,4,
115057057887,2026-03-11T09:27:07+00:00,Excellent,
115057060013,2026-03-11T09:31:35+00:00,Poor,"Absolute rip off
Permission to change a garage door and replace with a wall to improve insulation. Cost 2k, fee to allow work to proceed over 500 quid, disgusting."
115057113510,2026-03-11T11:34:10+00:00,Poor,For fee exempt applications you need to be providing clear instructions to be able to use the portal.
115057448392,2026-03-11T19:06:56+00:00,Excellent,
115057811601,2026-03-12T08:05:05+00:00,Excellent,
115057851096,2026-03-12T09:42:37+00:00,Excellent,
115057954846,2026-03-12T13:00:05+00:00,3,"was quite difficult to manage not being able to add certiain documents and then not be able to go forward with the payment being agreed was worried that i hadnt pressed save and didnt get an email to acknoledge receipt so phoned them to confirm receipt and get them to confirm payment amount, "
115057967432,2026-03-12T13:17:07+00:00,Excellent,
115058038102,2026-03-12T14:48:15+00:00,Excellent,
115058796234,2026-03-13T09:20:40+00:00,3,
115058979877,2026-03-13T13:14:54+00:00,Excellent,I think the user experience on the site and service has been really well designed and executed. Very simple to run through and to check and review you've completed everything.
115060467016,2026-03-16T10:18:33+00:00,Excellent,Great
115060539714,2026-03-16T12:44:54+00:00,Excellent,Easy and efficient process 
115060748746,2026-03-16T17:18:03+00:00,Excellent,
115061161498,2026-03-17T07:49:57+00:00,Excellent,good and easy to access  out of working hours 
115061187907,2026-03-17T09:02:26+00:00,3,You ask to include project reference to help speed up but I can see no box usiing the payement by card where you can add a payment / project reference ?
115061249050,2026-03-17T11:16:47+00:00,4,
115061264868,2026-03-17T11:51:16+00:00,Excellent,
115061282898,2026-03-17T12:23:42+00:00,Excellent,
115061971549,2026-03-18T08:17:42+00:00,Excellent,ALL GOOD
115062139928,2026-03-18T13:39:51+00:00,Excellent,
115062156368,2026-03-18T14:01:30+00:00,3,
115062329215,2026-03-18T17:16:14+00:00,3,
115062448719,2026-03-18T19:40:49+00:00,2,Costs not transparent.
115062809125,2026-03-19T10:06:06+00:00,Excellent,
115062962063,2026-03-19T14:18:20+00:00,Excellent,
115063011569,2026-03-19T15:19:39+00:00,4,
115063090519,2026-03-19T16:59:38+00:00,4,No
115063529628,2026-03-20T10:31:22+00:00,Excellent,
115063741695,2026-03-20T16:30:19+00:00,2,wasnt expecting a fee from the portal on a free application
115063779390,2026-03-20T17:25:28+00:00,Excellent,
115063784749,2026-03-20T17:32:56+00:00,Excellent,To expensive but easy to use
115063812732,2026-03-20T18:16:41+00:00,3,
115064019858,2026-03-21T02:07:05+00:00,Excellent,good
115064647267,2026-03-22T21:51:23+00:00,4,your correspondence was in my junk folder so I found it a few days after making an application. The portal should warn people to check junk folders to avoid delays.
115065003641,2026-03-23T14:18:04+00:00,Excellent,
115065187697,2026-03-23T18:07:40+00:00,3,"If sections, paragraphs and questions were numbered numerically and or alphabetically. I think it would be helpful to when saving it and returning to it at a later date."
115065602189,2026-03-24T09:43:14+00:00,2,UPLOADING FILES is too protracted - would make sense and be a lot simpler just to transfer the whole folder.
115065653527,2026-03-24T11:01:51+00:00,4,Struggled with some of the questions.
115065826275,2026-03-24T14:25:52+00:00,4,
115065846105,2026-03-24T14:58:37+00:00,4,
115065982511,2026-03-24T17:25:21+00:00,Poor,
115066012697,2026-03-24T17:59:42+00:00,Excellent,
115066453874,2026-03-25T09:10:18+00:00,Excellent,
115066489069,2026-03-25T10:21:44+00:00,Excellent,
115066526734,2026-03-25T11:35:59+00:00,4,
115066536348,2026-03-25T11:53:31+00:00,4,Pretty smooth experience - as expected. Appreciated that the platform seemed well implemented for mobile device users as well as desktop.
115066826044,2026-03-25T17:28:11+00:00,Excellent,
115066953323,2026-03-25T19:51:26+00:00,Excellent,
115066954227,2026-03-25T19:52:23+00:00,Excellent,
115067397791,2026-03-26T10:08:31+00:00,Excellent,
115067494398,2026-03-26T12:56:08+00:00,2,Put in advise supposing it's someone first time
115067549092,2026-03-26T13:32:42+00:00,Excellent,"As a DIY'er, some of the terminology needed looking up to make sure I was providing the correct response - it would be good if you had links to the terms or definitions for those that need it. Otherwise I felt it was pretty straight forward. Thanks! "
115067578643,2026-03-26T14:42:17+00:00,Excellent,
115067620118,2026-03-26T15:31:10+00:00,Excellent,It seems inappropriate that paying on line should be the more expensive option.
115067666960,2026-03-26T16:27:52+00:00,3,It was okay but without human interaction it feels like it is not clear what we are aiming for or trying to achieve. We have had input from a technical support Manager but it still feels like the application and the exact requirement are not aligned.
115067719124,2026-03-26T17:34:37+00:00,Excellent,
115068175148,2026-03-27T10:32:42+00:00,Excellent,
115068239282,2026-03-27T12:40:53+00:00,Excellent,
115068291713,2026-03-27T13:56:31+00:00,4,"Google Pay or PayPal as a payment option would be helpful. Otherwise, all good."
115068365783,2026-03-27T15:37:18+00:00,Excellent,
115069765749,2026-03-30T15:09:47+00:00,Excellent,"Allow grouped information on single drawings.
Eg. grouped plans/grouped elevations etc"
115069780774,2026-03-30T15:29:11+00:00,4,
115070528786,2026-03-31T11:35:26+00:00,Excellent,
115070591134,2026-03-31T13:06:00+00:00,3,Fee box needed number entered would not accept disability exempt so had to enter 1 for document to continue loading 
115070617098,2026-03-31T13:39:25+00:00,3,
115070651736,2026-03-31T14:22:21+00:00,4,
115070725738,2026-03-31T15:43:39+00:00,Excellent,
115070739013,2026-03-31T16:00:19+00:00,4,
115070957679,2026-03-31T20:34:24+00:00,4,test
115071280636,2026-04-01T09:00:37+00:00,Excellent,
115071356358,2026-04-01T11:55:14+00:00,4,
115071421289,2026-04-01T13:41:17+00:00,Excellent,
115071474439,2026-04-01T14:50:03+00:00,Excellent,
115071524686,2026-04-01T15:54:36+00:00,Excellent,
115072185376,2026-04-02T13:19:44+00:00,3,There are some confusing parts for people who know nothing about building control... H4???
115072261192,2026-04-02T14:56:52+00:00,4,
115072302868,2026-04-02T15:46:22+00:00,Excellent,
115072303860,2026-04-02T15:47:27+00:00,Poor,Rubbish cant payQ!Q
115072778914,2026-04-03T09:30:12+00:00,4,
115073582153,2026-04-05T14:28:04+00:00,3,Miffed that I had to pay the £21 service charge for a Building Control charge of £0.01 ! Nowhere do you prepare pplicants of the £21 service charge before they get to the payment page.
115074504489,2026-04-07T08:22:55+00:00,3,Changes of terminology are assuming some knowledge and not helpful for the layman 
115074611673,2026-04-07T11:47:58+00:00,Poor,An ability to speak to a human being would be helpful
115074800019,2026-04-07T15:54:38+00:00,4,"Generally very good as similar to a Planning Application
Small point. I was not notified a fee had been calculated. So was still waiting until I happened to e-mail the dept about something else.

The accepted way of inputting the number of stories was very difficult to get right. I had to ring the portal "
115074801240,2026-04-07T15:59:50+00:00,3,A little difficult to navigate the site.
115075294143,2026-04-08T06:42:47+00:00,Poor,Badly designed- ridiculous fee for a circa £5k extension 
115075363973,2026-04-08T09:43:36+00:00,4,Testing
115075367114,2026-04-08T09:52:39+00:00,4,testing
115075680303,2026-04-08T17:43:17+00:00,Excellent,
115076120285,2026-04-09T08:40:10+00:00,Excellent,Thanks for the prompt and helpful reply to the amendment I needed to make to my application.
115076168581,2026-04-09T10:48:23+00:00,4,
115076209323,2026-04-09T12:13:55+00:00,Excellent,
115076230753,2026-04-09T12:44:06+00:00,3,FOUND IT DIFFICULT TO UNDERSTAND WHAT I WAS DOING AND CONFIRMING 
115076631655,2026-04-09T22:05:37+00:00,Excellent,
115076974981,2026-04-10T13:19:31+00:00,Excellent,
115077619577,2026-04-11T18:23:24+00:00,Excellent,
115077792416,2026-04-12T10:04:49+00:00,4,
115078149446,2026-04-13T08:46:36+00:00,Excellent,When submitting plans we submitted two documents containing 10 drawings but the portal says we have uploaded 10 documents? This could be confusing?
115078216696,2026-04-13T11:44:32+00:00,Poor,For Just a one off Front Garden Gate Planning request far to many irrelevant questions just a click and a click done would be nice not My life story !!!!!
115078849419,2026-04-14T08:44:27+00:00,Excellent,
115078866337,2026-04-14T09:31:37+00:00,Excellent,It’s great service
115078882564,2026-04-14T10:09:41+00:00,Excellent,it was a lot easier than i thought 
115079089742,2026-04-14T15:21:50+00:00,Excellent,"Always seems straightforward, very happy."
115079330923,2026-04-14T20:02:14+00:00,Excellent,
115079656990,2026-04-15T07:39:47+00:00,Excellent,
115079703088,2026-04-15T09:20:38+00:00,Poor,"We were not notified that the fee had been determined hence delay in progressing payment. With planning applications this is done immediately, realise BR fees have to be calculated but then should be notified to client not left in limbo. "
115079793708,2026-04-15T08:09:04+00:00,Poor,"The implementation of the Planning Portal system, in its current form, is proving to be highly inefficient and counterproductive to the wider objectives of the construction sector. While digitalisation was intended to streamline the planning process, the reality on the ground is quite the opposite. Delays, inconsistent requirements between local authorities, poor system usability, and a lack of clear accountability are creating significant bottlenecks at every stage of the application process.
For developers, contractors, and consultants alike, the system introduces unnecessary friction. Simple applications are taking far longer than they should, communication channels are fragmented, and the lack of standardisation across councils undermines any notion of a unified national framework. This inefficiency is not only frustrating for industry professionals but is also directly impacting project timelines, costs, and overall delivery capacity.
Given the Government’s stated ambition to significantly increase housing supply, it is difficult to see how these targets can realistically be achieved under the current conditions. The planning stage is a critical gateway in the development pipeline, and when this gateway is slow, inconsistent, and poorly managed, it restricts the entire system downstream.
Without urgent reform, focusing on simplification, standardisation, improved system performance, and greater accountability, the Planning Portal risks remaining a major obstacle rather than an enabler of development. As it stands, the level of inefficiency within the system reflects a broader lack of operational effectiveness within the planning process, which ultimately undermines confidence in the sector’s ability to deliver at the scale required."
115080547345,2026-04-16T08:21:04+00:00,4,
115080583571,2026-04-16T09:46:14+00:00,4,
115080603953,2026-04-16T10:34:57+00:00,4,The Portal is great but it took Bradford Council 2 days to respond and confirm the fee.
115080911089,2026-04-16T17:54:01+00:00,Poor,yes it would be more transparent if the services to be provided are detailed in relation to the fee. ATM I have no idea as to what I am going to receive for what In have paid!
115081325514,2026-04-17T08:53:31+00:00,Poor,"It's extremely hard for a novice or someone with very basic IT skills to understand the lingo and provide all that seems to be required.
This seems to assume that the applicant is an expert in this field rather than a mere Citzen. "
115081327755,2026-04-17T09:03:28+00:00,Excellent,
115081446928,2026-04-17T12:59:16+00:00,Excellent,
115081782601,2026-04-17T20:38:54+00:00,4,Only that it would be difficult to you if one was not computer savvy.  It does exclude a lot of people.
115082726188,2026-04-20T07:48:09+00:00,Excellent,
115082729490,2026-04-20T07:57:49+00:00,2,
115082786354,2026-04-20T10:14:23+00:00,4,When making an application linked to previous planning application why ask for application number later in the form?
115083021220,2026-04-20T15:46:55+00:00,Excellent,ALL GOOD FAST
115083064192,2026-04-20T16:44:25+00:00,Excellent,
115083532812,2026-04-21T08:36:45+00:00,Excellent,very efficient
115083551192,2026-04-21T09:25:51+00:00,Excellent,
115083621487,2026-04-21T11:45:28+00:00,Excellent,
115083754142,2026-04-21T14:43:22+00:00,Poor,Very difficult for man on the street with no experience in this field both the jargon and IT. Should be able to attend office in person and have it done upon consultation. 
115083818159,2026-04-21T16:03:28+00:00,Excellent,"Easy to use, fast response over fee. "
115083845173,2026-04-21T16:36:36+00:00,4,No
115084331326,2026-04-22T09:33:27+00:00,Excellent,
115084388011,2026-04-22T11:19:48+00:00,Excellent,
115084558479,2026-04-22T15:11:51+00:00,Excellent,
115084701342,2026-04-22T17:52:11+00:00,3,Portal was user friendly but some of the application questions did not match what I required from Council to approve. Questions need to be tailored to works being carried out. 
115085113848,2026-04-23T07:48:04+00:00,Excellent,
115085187856,2026-04-23T10:40:13+00:00,Poor,cant look at files once  dragged onto the form
115085919295,2026-04-24T10:04:13+00:00,3,"when I waited for the fee, the portal did not work, so I emailed you and you sorted this."
115085949024,2026-04-24T11:22:04+00:00,4,
115086084164,2026-04-24T14:53:24+00:00,Excellent,
115086159508,2026-04-24T16:32:47+00:00,Excellent,
115086210494,2026-04-24T17:43:39+00:00,3,the fee section could be made easier for exempt fee. it is not possible to add £0 for disabled exemption. 
115086307443,2026-04-24T20:08:03+00:00,Poor,£21 is outrageous
115087521550,2026-04-27T08:49:26+00:00,4,
115087549703,2026-04-27T09:38:12+00:00,Excellent,
115087557666,2026-04-27T09:50:32+00:00,Poor,"In the end, client details should be autofilled when we are sending the nominations "
115087586758,2026-04-27T10:32:36+00:00,Excellent,No
115087656594,2026-04-27T12:03:27+00:00,Excellent,I always find the form difficult do to health conditions. That being said it is always a pleasure dealing with you guys.
115087766544,2026-04-27T13:30:36+00:00,Excellent,
115087792405,2026-04-27T13:53:28+00:00,Poor,
115087808992,2026-04-27T14:06:39+00:00,Excellent,
115087957629,2026-04-27T16:00:14+00:00,4,
115088043408,2026-04-27T17:09:46+00:00,4,
115088205653,2026-04-27T19:31:22+00:00,4,
115088247317,2026-04-27T20:11:17+00:00,Excellent,
115088249283,2026-04-27T20:13:23+00:00,4,I felt there was a duplication of “describe the works” for the overall application & request fee. Otherwise very straightforward 
115088622451,2026-04-28T06:38:30+00:00,4,Fairly straight forward for submitting information. 
115088817448,2026-04-28T12:02:29+00:00,4,
115088994506,2026-04-28T15:00:06+00:00,Excellent,Very easy to use for someone who has not previously made an application for building regs approval. 
115089026928,2026-04-28T15:31:54+00:00,Excellent,
115089201665,2026-04-28T18:27:54+00:00,4,
115089859061,2026-04-29T13:47:30+00:00,Excellent,
115089876906,2026-04-29T14:11:38+00:00,Excellent,
115089930707,2026-04-29T15:14:56+00:00,Excellent,
115090560473,2026-04-30T07:39:12+00:00,4,
115090584844,2026-04-30T08:32:44+00:00,4,
115090716488,2026-04-30T12:30:19+00:00,4,Quicker confirmation from building control in fees. 
115090804425,2026-04-30T14:23:47+00:00,Excellent,
115091428141,2026-05-01T09:12:46+00:00,4,I am familiar with the process and it went smoothly. 
115091485641,2026-05-01T11:56:30+00:00,2,Very hard to see which questions were relevant. I lost a form part way through searching for a file. Started again. Nowhere to enter a reference already received on initial enquired with planning department. 
115091492216,2026-05-01T12:10:00+00:00,Poor,Very unclear and frustrating.  So difficult to get back in and edit.  I started a new application from scratch in the end
115091498654,2026-05-01T12:24:35+00:00,Excellent,
115091564077,2026-05-01T14:16:01+00:00,Excellent,
115091570390,2026-05-01T14:13:24+00:00,Excellent,
115091588002,2026-05-01T14:50:48+00:00,3,I dont agree with a service charge!!!!!!
115092061401,2026-05-02T11:47:26+00:00,Excellent,
115093350682,2026-05-04T22:22:12+00:00,4,
115093617628,2026-05-05T10:15:47+00:00,Excellent,
115093645435,2026-05-05T11:17:54+00:00,Excellent,
115093684586,2026-05-05T12:22:35+00:00,Excellent,
115093693943,2026-05-05T12:40:26+00:00,Excellent,
115093736271,2026-05-05T13:37:51+00:00,4,
115093981765,2026-05-05T18:23:06+00:00,Excellent,
115094015896,2026-05-05T18:59:28+00:00,Excellent,"Very straight forward - If I were critical, it could maybe be a bit clearer when selecting which type of approval/permission required with a good description or questionnaire? "
115094430991,2026-05-06T10:05:16+00:00,3,
115094447787,2026-05-06T10:43:19+00:00,4,
115094557963,2026-05-06T13:38:36+00:00,Excellent,
115095187737,2026-05-07T06:58:08+00:00,2,"Further info required was poorly laid out as to what was required and how to submit it? Also, lack of clarity as to who is dealing with fee decision/application - Planning Portal or Local Authority. "
115096114640,2026-05-08T08:51:34+00:00,4,
115096173245,2026-05-08T11:02:58+00:00,Excellent,"new process to me 
very good portal - some terms are difficult as a non tradesman - but great service 
thank you"
115096497261,2026-05-08T18:57:36+00:00,3,
115097766647,2026-05-11T13:26:03+00:00,Excellent,
115097793963,2026-05-11T14:02:03+00:00,Excellent,
115098017586,2026-05-11T18:28:40+00:00,4,Easy system to use but the terminology is a bit technical for someone not in the building industry 
115098048262,2026-05-11T19:05:45+00:00,Excellent,
115098592284,2026-05-12T12:27:53+00:00,Excellent,
115098635073,2026-05-12T13:21:59+00:00,Excellent,
115098803893,2026-05-12T16:20:38+00:00,Excellent,I asked for help and I got it! Really great service.
115099455519,2026-05-13T10:13:39+00:00,3,
115099507937,2026-05-13T10:00:11+00:00,4,
115099520711,2026-05-13T11:55:35+00:00,4,
115101060104,2026-05-15T07:17:04+00:00,Poor,"You say further charges may be made but it seems totally open ended? How much per visit would be helpful. the form says make sure you include the payment reference but when taking the "" Pay by card"" option there is nowhere to put a reference?"
115101082213,2026-05-15T08:09:12+00:00,4,
115101089801,2026-05-15T08:27:05+00:00,Excellent,
115101256706,2026-05-15T13:51:25+00:00,Excellent,
115101483160,2026-05-15T18:52:55+00:00,3,Not very intuitive if you are not familiar with the planning process. The questions within the options could be better tailored to each type of building project.
115102305944,2026-05-17T18:53:00+00:00,3,Payment process is a pain and there should be options to use credit cards
115102539998,2026-05-18T09:07:22+00:00,Excellent,
115102619664,2026-05-18T12:12:15+00:00,Poor,"requested fee in 2024, no one picked it up until 2026 after a complaint"
115102669988,2026-05-18T13:26:31+00:00,Excellent,cool
115102751278,2026-05-18T15:25:08+00:00,Excellent,
115103340020,2026-05-19T11:40:52+00:00,Excellent,
115103364746,2026-05-19T12:24:21+00:00,4,IT WAS GOOD.
115103636956,2026-05-19T18:02:21+00:00,4,"quite a bit of difficulty interpreting what the questions meant, and whether they were applicable or not."
115104014871,2026-05-20T07:24:24+00:00,4,"When selecting a nominee to pay, why not have an option to just select applicant? And not have to put in their name & email address again. "
115104146673,2026-05-20T12:04:48+00:00,Poor,Not very intuitive
115104155062,2026-05-20T12:18:07+00:00,Excellent,
115104284963,2026-05-20T15:14:52+00:00,Excellent,
115104803082,2026-05-21T07:28:40+00:00,Excellent,
115104841919,2026-05-21T09:13:00+00:00,Excellent,
115105091904,2026-05-21T15:53:27+00:00,Excellent,
115105124134,2026-05-21T16:34:31+00:00,Excellent,
115105214933,2026-05-21T18:32:38+00:00,Excellent,
115105599225,2026-05-22T07:56:06+00:00,Excellent,
115105661155,2026-05-22T10:19:34+00:00,Excellent,
115105716098,2026-05-22T12:14:07+00:00,3,
115105804713,2026-05-22T14:28:15+00:00,Excellent,
115105856381,2026-05-22T15:44:22+00:00,Excellent,
115106423022,2026-05-23T18:54:38+00:00,Excellent,
115106596500,2026-05-24T09:37:59+00:00,Excellent,
115107469619,2026-05-26T08:22:08+00:00,4,
115107469684,2026-05-26T08:22:00+00:00,Excellent,
115107493466,2026-05-26T09:21:26+00:00,3,
115107502104,2026-05-26T09:39:59+00:00,Excellent,
115107516851,2026-05-26T10:07:40+00:00,3,
115107541924,2026-05-26T11:08:57+00:00,Poor,
115108339404,2026-05-27T08:52:57+00:00,3,"Its not a negative feed back, but I've been submitting  through my business, since 73. Some parts are a logical, simple and a breeze to complete.   But the wording to some parts can be taken in different ways and causes confusion. Do not think I'm old and losing my marbles and not computer literate. I think it would simple to guide in these parts with explanations and directions, making it fast for the process to be complete. This has taken far longer than is reasonable to expect, thou I was impressed with the speed ELDC returned the working out of the fee.
TRW    "
115108461953,2026-05-27T13:14:21+00:00,Poor,
115109096984,2026-05-28T09:09:13+00:00,4,
115109158964,2026-05-28T11:45:41+00:00,4,"A bit long winded, but uncomplicated.
Would be handy to have a list of things needed in the application, before you start, like building height, photos, documentation, plans etc… rather than having to find them while completing the application."
115109553596,2026-05-28T21:24:19+00:00,Excellent,
115109768963,2026-05-29T08:34:32+00:00,Excellent,
115109804493,2026-05-29T10:14:17+00:00,Excellent,
115109813630,2026-05-29T10:34:53+00:00,Poor,It is overly complicated and confusing.  We had to call direct to get assistence after 3 days of attempting to navigate and getting nowhere
115109899823,2026-05-29T13:32:13+00:00,4,
115109909344,2026-05-29T13:44:11+00:00,Excellent,
115109927251,2026-05-29T14:16:04+00:00,4,
115111003936,2026-06-01T08:49:39+00:00,Excellent,
115111129717,2026-06-01T13:04:46+00:00,4,"Very clear, but I had to keep going back to get the information required as this is my first application, I tried to find out the information needed but fell short on a couple of the areas, so maybe a guide for dimwits like me that's easy to find?"
115111190789,2026-06-01T14:31:47+00:00,Excellent,
115111236183,2026-06-01T15:25:19+00:00,Excellent,.
115111266811,2026-06-01T16:01:45+00:00,Excellent,"very easy to use, thank you"
115111414122,2026-06-01T19:15:53+00:00,4,
115111773522,2026-06-02T09:21:12+00:00,Excellent,
115111779675,2026-06-02T09:35:44+00:00,3,
115111786033,2026-06-02T09:51:37+00:00,Excellent,
115112186844,2026-06-02T19:52:24+00:00,3,There was almost 2 week delay in receiving the fee amount. 
115112470463,2026-06-03T08:14:01+00:00,Excellent,Very easy to use.
115112481343,2026-06-03T08:43:53+00:00,Poor,
115112878636,2026-06-03T19:17:06+00:00,Excellent,
115113308073,2026-06-04T10:13:13+00:00,Excellent,
115113315003,2026-06-04T10:22:27+00:00,2,"The portal is not helpful, in terms of the documents requested and information required, when the proposed work is purely to change a chimney pot! "
115113361475,2026-06-04T11:54:55+00:00,3,Navigating the form is cumbersome I was worried I had lost the draft and all the information at times as instructions could be clearer about saving for later. Payment of fees should have the option of a credit card as well as a bank transfer as it was flagged as a potential fraud.
115113466814,2026-06-04T14:35:27+00:00,Excellent,Superb easy thanks
115114226177,2026-06-05T14:42:16+00:00,3,
115115154855,2026-06-07T17:28:58+00:00,Poor,Very laborious and confusing - sorry
115115599113,2026-06-08T13:51:07+00:00,Excellent,
115116206583,2026-06-09T09:24:36+00:00,Poor,"Far too complicated,"
115116225913,2026-06-09T10:05:22+00:00,3,"I originally requested a fee quote.  I phoned then local planning team and they said they had not received a request, which was a couple of days lost."
115116283211,2026-06-09T11:54:56+00:00,Excellent,
115116375794,2026-06-09T14:09:20+00:00,Excellent,
115116693840,2026-06-09T20:46:38+00:00,Excellent,
115117207804,2026-06-10T15:26:20+00:00,Excellent,
115117268334,2026-06-10T16:46:52+00:00,Excellent,
115117352544,2026-06-10T18:29:47+00:00,Excellent,
115117433430,2026-06-10T20:21:04+00:00,Excellent,
115117471967,2026-06-10T21:12:09+00:00,Excellent,
115117473594,2026-06-10T21:15:02+00:00,Excellent,
115117679085,2026-06-11T06:33:07+00:00,3,
115117716254,2026-06-11T08:16:09+00:00,4,"It wasn't clear that after I had updated the documents required section that I should then resubmit the application, so that could be made clearer."
115117748039,2026-06-11T09:38:49+00:00,4,good
115117768515,2026-06-11T10:26:53+00:00,4,"I couldn't download a copy of my completed application form, which would have been handy. "
115117787208,2026-06-11T11:13:02+00:00,3,
115118014341,2026-06-11T16:50:11+00:00,3,
115118518033,2026-06-12T11:34:28+00:00,Excellent,
115118649161,2026-06-12T14:49:29+00:00,Excellent,far too expensive !
115119125840,2026-06-13T12:30:21+00:00,Excellent,
115119274997,2026-06-13T20:57:28+00:00,Excellent,Lisa planning control assistant provided excellent prompt service and excellent customer service 
115119790730,2026-06-15T08:43:13+00:00,Excellent,
115119829284,2026-06-15T10:16:57+00:00,Excellent,Very clear.
115119880310,2026-06-15T12:12:58+00:00,3,Hated the document upload
115119893872,2026-06-15T12:09:40+00:00,3,"At a number of stages it was unclear as what information was required, for example a required entry was labelled 'Name/Company Name' as this could have applied to more one name this was confusing. Can I suggest more detail as to what you expecting could be added to the form. Nationwide bank did not like the bank transfer details. The payment has been delayed while they are doing fraud checks. This was very concerning."
115119915712,2026-06-15T13:18:51+00:00,Poor,
115120161009,2026-06-15T19:11:03+00:00,Excellent,
115120293730,2026-06-15T23:09:59+00:00,4,
115120540273,2026-06-16T10:23:59+00:00,4,
115120598704,2026-06-16T12:25:24+00:00,Excellent,
115120606026,2026-06-16T12:38:11+00:00,4,
115120735948,2026-06-16T15:40:58+00:00,Poor,"I don't think the application form was designed by anyone who knows buildings eg Only four options given for elevations and these are described as front, side 1, side2, rear."
115121226149,2026-06-17T07:20:17+00:00,Excellent,
115121319976,2026-06-17T10:03:21+00:00,Poor,
115121336021,2026-06-17T10:33:50+00:00,Excellent,
115121387671,2026-06-17T11:49:00+00:00,Poor,
115121686203,2026-06-17T17:30:16+00:00,4,
115121720433,2026-06-17T18:06:01+00:00,2,Why are fees so vague? As a private person it as clear as mud as to what the bill is going to be at the end of all the filling in of forms and down loading plans. Bill received feels random. 
115123843154,2026-06-21T13:50:48+00:00,Excellent,For a first time it was pretty good
115124133117,2026-06-22T08:30:33+00:00,3,"It was easy to make the payment. What is not clear is what I get for my £650 + £21 service fee. Given the high cost of what is essentially, home maintenance, you should make clear what the customer gets for this. (I am a homeowner not a contractor)"
115124184354,2026-06-22T10:39:17+00:00,Excellent,
115124206951,2026-06-22T11:31:15+00:00,4,
115124219360,2026-06-22T11:58:40+00:00,Poor,Some very confusing questions
115124331996,2026-06-22T15:02:12+00:00,Poor,Submitting a zero rated / charge-exempt application needs to be made simpler.
115124407085,2026-06-22T16:47:15+00:00,Excellent,
115124533252,2026-06-22T20:03:28+00:00,Excellent,Look forward to the application 
115124760164,2026-06-23T05:56:31+00:00,Excellent,
115125027005,2026-06-23T14:56:13+00:00,Excellent,very efficient 
115125040294,2026-06-23T15:14:52+00:00,Excellent,
115125711372,2026-06-24T14:26:23+00:00,Poor,Make it less complicated and confusing to a layman
115125726207,2026-06-24T14:50:53+00:00,Excellent,
115126225083,2026-06-25T08:16:39+00:00,Excellent,Really good
115126264920,2026-06-25T09:55:01+00:00,Excellent,
115126413844,2026-06-25T14:26:17+00:00,Excellent,
115127114152,2026-06-26T14:39:30+00:00,4,
115128214798,2026-06-29T06:49:48+00:00,4,It is not always known when the project will commence on site. It should be an option to select this and not required to enter a date.
115128316582,2026-06-29T11:10:45+00:00,Excellent,
115128361835,2026-06-29T12:44:26+00:00,4,This was my first time using this service but it was quite good at first go so lets see how it is from here in and we will use this for all our subissions. 
115128424079,2026-06-29T12:46:15+00:00,2,
115128673517,2026-06-29T20:26:20+00:00,4,OK and fairly easy to do.
115128678826,2026-06-29T20:33:35+00:00,4,
115129155951,2026-06-30T13:08:35+00:00,3,Some questions were not very clear
115129168191,2026-06-30T13:48:59+00:00,Excellent,
115129175359,2026-06-30T13:59:10+00:00,Excellent,
115129219384,2026-06-30T14:53:44+00:00,Poor,"Very complicated and frustrating to use. I have run a website for a group for 24 years with payment for goods and services via a secure online payments processing service provider, and it works very well."
115129263169,2026-06-30T15:59:26+00:00,Excellent,
115129286484,2026-06-30T16:30:42+00:00,Excellent,Really easy to use and everything is really clear - thank you!
115129869535,2026-07-01T13:36:26+00:00,3,Accept online payment via card payment. 
115129887503,2026-07-01T13:53:17+00:00,4,
115130403373,2026-07-02T08:48:11+00:00,3,too expensive
115130415695,2026-07-02T09:22:12+00:00,Excellent,
115130615829,2026-07-02T15:53:07+00:00,Excellent,
115130620385,2026-07-02T16:00:35+00:00,Excellent,
115131066694,2026-07-03T10:56:36+00:00,3,
115131095813,2026-07-03T11:54:09+00:00,4,
115131205704,2026-07-03T15:14:52+00:00,Excellent,VERY EASY TO USE PORTAL
115131712788,2026-07-04T19:44:32+00:00,4,
115131966017,2026-07-05T18:29:14+00:00,2,"I applied for permission for a new roof. Many of the questions were confusing for this purpose. Also, how I am supposed to know what the fee should be?"
115132393349,2026-07-06T15:36:53+00:00,Excellent,
115132496071,2026-07-06T18:07:28+00:00,Excellent,"It's gone brilliantly, had fun and pleasure doing it"
115132514514,2026-07-06T18:35:46+00:00,Excellent,
115133132969,2026-07-07T16:32:58+00:00,Poor,Unable to speak with anyone had to make several call unnecessary delay 
115133526569,2026-07-08T07:28:39+00:00,Excellent,
115133676186,2026-07-08T13:21:01+00:00,3,What is the service charge for - seems a rip off and should be included in local authority's fees
115133749441,2026-07-08T15:05:31+00:00,Excellent,
115133824879,2026-07-08T16:57:46+00:00,Excellent,
115134197550,2026-07-09T06:38:50+00:00,Excellent,very clear
115134280797,2026-07-09T10:21:00+00:00,Excellent,
115134483213,2026-07-09T15:55:26+00:00,2,
115135079186,2026-07-10T06:42:59+00:00,Excellent,
115135637349,2026-07-10T21:41:55+00:00,Excellent,Easy to use 
115136698083,2026-07-13T09:37:44+00:00,3,questions are not the easiest to explain 
115136700795,2026-07-13T09:44:41+00:00,3,Some questions asked are difficult for a lay person esp elderly with no building experience to understand. Could do with better explanations.
115136752420,2026-07-13T11:35:53+00:00,Excellent,
115137037330,2026-07-13T18:51:47+00:00,4,
115137037873,2026-07-13T18:53:06+00:00,4,
115137052017,2026-07-13T19:10:51+00:00,Excellent,
115137434249,2026-07-14T08:32:25+00:00,4,
115137450631,2026-07-14T09:24:01+00:00,Excellent,STAFF GREAT OVER THE PHONE
115137688451,2026-07-14T16:12:39+00:00,Poor,
115137844877,2026-07-14T20:11:02+00:00,Excellent,
115138159150,2026-07-15T10:07:08+00:00,Excellent,
115138363440,2026-07-15T15:58:56+00:00,4,Once requested fee details have been provided - send an email to the agent to let them know.
115138378728,2026-07-15T16:20:15+00:00,4,
115138464636,2026-07-15T18:17:12+00:00,Excellent,"I found the “intended use of the building” section a little confusing. It was not clear to me that only a number was required for the ground and first floors, and I could not find any tips or guidance to help explain what information was expected. Adding a short explanation, an example, or helpful tips would make this section easier to understand and could improve the experience for other users as well."
115138467919,2026-07-15T18:32:32+00:00,Excellent,
115138734988,2026-07-16T04:59:50+00:00,3,Some of the application info required was beyond my knowledge
115138832633,2026-07-16T09:35:53+00:00,Poor,There was no response about the fees despite submitting the original application and fees request on 1st July. The portal just seems to have added unnecessary delay to the process and now we're 2 weeks behind schedule. I should have gone direct to the council in the first place.
115138885314,2026-07-16T11:38:00+00:00,3,
115139062832,2026-07-16T16:23:56+00:00,3,"Planning Portal application questions are not easy to understand for people new to building control, and questions are not explained."
115139235981,2026-07-16T20:14:37+00:00,3,
115139565335,2026-07-17T07:46:32+00:00,4,"good, dont change things."
115139724502,2026-07-17T13:25:26+00:00,Poor,Awkward system. Struggled
115139727274,2026-07-17T13:30:43+00:00,Excellent,
115140305669,2026-07-18T17:03:47+00:00,4,
115140884091,2026-07-20T11:00:50+00:00,Poor,"£21 Service charge to submit a building notice through the planning portal, At least when Dick Turpin robbed you he wore a mask. What an absolute joke.
"
115140907769,2026-07-20T11:58:39+00:00,Excellent,
115141465859,2026-07-21T07:58:51+00:00,Excellent,
115141478825,2026-07-21T08:22:53+00:00,Excellent,
115141490573,2026-07-21T09:02:59+00:00,Excellent,
115141492382,2026-07-21T09:06:20+00:00,Excellent,
115141496054,2026-07-21T09:16:08+00:00,Excellent,
115141528245,2026-07-21T10:37:33+00:00,Excellent,Very good and fast. 
115141577273,2026-07-21T12:21:05+00:00,Excellent,
115141592399,2026-07-21T12:48:52+00:00,Excellent,
115141612034,2026-07-21T13:23:16+00:00,Poor,Very difficult to know and find the application  you are mai8ng especially if about building regs. Difficult to know whatbdocume ts needed etc as a lay person 
115141615761,2026-07-21T13:28:51+00:00,Excellent,
115141735729,2026-07-21T16:33:25+00:00,Excellent,Really Easy to use
115141778394,2026-07-21T17:44:56+00:00,Excellent,
115142145042,2026-07-22T07:43:51+00:00,Excellent,Very high service fee.
115142162417,2026-07-22T08:29:19+00:00,Excellent,
115142422040,2026-07-22T16:42:52+00:00,2,
115143062788,2026-07-23T17:00:11+00:00,Excellent,
115143400922,2026-07-24T07:20:34+00:00,Excellent,No
